订单编号,省份,品类,月份,销售额,订单量
SO0100001,广东,数码家电,1,1464.32,54639
SO0200002,广东,数码家电,2,1231.36,45946
SO0300003,广东,数码家电,3,1580.8,58985
SO0400004,广东,数码家电,4,,62090
SO0500005,广东,数码家电,5,1797.12,67057
SO0600006,广东,数码家电,6,"2,695.68",100585
SO0700007,广东,数码家电,7,1630.72,60848
SO0800008,广东,数码家电,8,1697.28,６３３３１
SO0900009,广东,数码家电,9,1863.68,69540
SO1000010,广东,数码家电,10,1996.8,74507
SO1100011,广东,数码家电,11,,135355
SO1200012,广东,数码家电,12,2462.72,91893
SO0100013,广东,服饰鞋包,1,1098.24,40979
SO0200014,广东,服饰鞋包,2,923.52,34460
SO0300015,广东,服饰鞋包,3,1185.6,44239
SO0400016,广东,服饰鞋包,4,1248.0,46567
SO0500017,广东,服饰鞋包,5,"1,347.84",50293
SO0600018,广东,服饰鞋包,6,,75439
SO0700019,广东,服饰鞋包,7,1223.04,45636
SO0800020,广东,服饰鞋包,8,1272.96,47499

SO0900021,广东,服饰鞋包,9,1397.76,５２１５５
SO1000022,广东,服饰鞋包,10,1497.6,55881
SO1100023,广东,服饰鞋包,11,2720.64,101516
SO1200024,广东,服饰鞋包,12,1847.04,68919
SO0100025,广东,食品生鲜,1,,30734
SO0200026,广东,食品生鲜,2,692.64,25845
SO0300027,广东,食品生鲜,3,889.2,33179
SO0400028,广东,食品生鲜,4,936.00,34925
SO0500029,广东,食品生鲜,5,1010.88,37719
SO0600030,广东,食品生鲜,6,1516.32,56579
SO0700031,广东,食品生鲜,7,917.28,34227
SO0800032,广东,食品生鲜,8,,35624
SO0900033,广东,食品生鲜,9,1048.32,39116
SO1000034,广东,食品生鲜,10,1123.2,４１９１０
SO1100035,广东,食品生鲜,11,2040.48,76137
SO1200036,广东,食品生鲜,12,1385.28,51690
SO0100037,广东,家居日用,1,686.4,25612
SO0200038,广东,家居日用,2,577.2,21537
SO0300039,广东,家居日用,3,,27649
SO0400040,广东,家居日用,4,780.0,29104

SO0500041,广东,家居日用,5,842.4,31433
SO0600042,广东,家居日用,6,1263.6,47149
SO0700043,广东,家居日用,7,764.4,28522
SO0800044,广东,家居日用,8,795.6,29687
SO0900045,广东,家居日用,9,873.6,32597
SO1000046,广东,家居日用,10,,34925
SO1100047,广东,家居日用,11,1700.4,６３４４８
SO1200048,广东,家居日用,12,1154.4,43075
SO0100049,广东,美妆个护,1,503.36,18782
SO0200050,广东,美妆个护,2,423.28,15794
SO0300051,广东,美妆个护,3,543.4,20276
SO0400052,广东,美妆个护,4,572.0,21343
SO0500053,广东,美妆个护,5,,23051
SO0600054,广东,美妆个护,6,926.64,34576
SO0700055,广东,美妆个护,7,560.56,20916
SO0800056,广东,美妆个护,8,583.44,21770
SO0900057,广东,美妆个护,9,640.64,23904
SO1000058,广东,美妆个护,10,686.4,25612
SO1100059,广东,美妆个护,11,1246.96,46528
SO1200060,广东,美妆个护,12,,31588

SO0100061,江苏,数码家电,1,"1,210.88",45182
SO0200062,江苏,数码家电,2,1018.24,37994
SO0300063,江苏,数码家电,3,1307.2,48776
SO0400064,江苏,数码家电,4,1376.0,51343
SO0500065,江苏,数码家电,5,1486.08,55451
SO0600066,江苏,数码家电,6,2229.12,83176
SO0700067,江苏,数码家电,7,,50316
SO0800068,江苏,数码家电,8,1403.52,52370
SO0900069,江苏,数码家电,9,1541.12,57504
SO1000070,江苏,数码家电,10,1651.2,61612
SO1100071,江苏,数码家电,11,2999.68,111928
SO1200072,江苏,数码家电,12,"2,036.48",75988
SO0100073,江苏,服饰鞋包,1,908.16,３３８８７
SO0200074,江苏,服饰鞋包,2,,28496
SO0300075,江苏,服饰鞋包,3,980.4,36582
SO0400076,江苏,服饰鞋包,4,1032.0,38507
SO0500077,江苏,服饰鞋包,5,1114.56,41588
SO0600078,江苏,服饰鞋包,6,1671.84,62382
SO0700079,江苏,服饰鞋包,7,1011.36,37737
SO0800080,江苏,服饰鞋包,8,1052.64,39278

SO0900081,江苏,服饰鞋包,9,,43128
SO1000082,江苏,服饰鞋包,10,1238.4,46209
SO1100083,江苏,服饰鞋包,11,"2,249.76",83946
SO1200084,江苏,服饰鞋包,12,1527.36,56991
SO0100085,江苏,食品生鲜,1,681.12,25415
SO0200086,江苏,食品生鲜,2,572.76,２１３７２
SO0300087,江苏,食品生鲜,3,735.3,27437
SO0400088,江苏,食品生鲜,4,,28881
SO0500089,江苏,食品生鲜,5,835.92,31191
SO0600090,江苏,食品生鲜,6,1253.88,46787
SO0700091,江苏,食品生鲜,7,758.52,28303
SO0800092,江苏,食品生鲜,8,789.48,29458
SO0900093,江苏,食品生鲜,9,866.88,32346
SO1000094,江苏,食品生鲜,10,928.80,34657
SO1100095,江苏,食品生鲜,11,,62960
SO1200096,江苏,食品生鲜,12,1145.52,42743
SO0100097,江苏,家居日用,1,567.6,21179
SO0200098,江苏,家居日用,2,477.3,17810
SO0300099,江苏,家居日用,3,612.75,２２８６４
SO0400100,江苏,家居日用,4,645.0,24067

SO0500101,江苏,家居日用,5,696.6,25993
SO0600102,江苏,家居日用,6,,38989
SO0700103,江苏,家居日用,7,632.1,23586
SO0800104,江苏,家居日用,8,657.9,24549
SO0900105,江苏,家居日用,9,722.40,26955
SO1000106,江苏,家居日用,10,774.0,28881
SO1100107,江苏,家居日用,11,1406.1,52466
SO1200108,江苏,家居日用,12,954.6,35619
SO0100109,江苏,美妆个护,1,,15531
SO0200110,江苏,美妆个护,2,350.02,13060
SO0300111,江苏,美妆个护,3,449.35,16767
SO0400112,江苏,美妆个护,4,473.0,１７６４９
SO0500113,江苏,美妆个护,5,510.84,19061
SO0600114,江苏,美妆个护,6,766.26,28592
SO0700115,江苏,美妆个护,7,463.54,17296
SO0800116,江苏,美妆个护,8,,18002
SO0900117,江苏,美妆个护,9,529.76,19767
SO1000118,江苏,美妆个护,10,567.6,21179
SO1100119,江苏,美妆个护,11,1031.14,38475
SO1200120,江苏,美妆个护,12,700.04,26121

SO0100121,浙江,数码家电,1,1154.56,43081
SO0200122,浙江,数码家电,2,970.88,36227
SO0300123,浙江,数码家电,3,,46507
SO0400124,浙江,数码家电,4,1312.0,48955
SO0500125,浙江,数码家电,5,1416.96,５２８７２
SO0600126,浙江,数码家电,6,2125.44,79307
SO0700127,浙江,数码家电,7,"1,285.76",47976
SO0800128,浙江,数码家电,8,1338.24,49934
SO0900129,浙江,数码家电,9,1469.44,54830
SO1000130,浙江,数码家电,10,,58746
SO1100131,浙江,数码家电,11,2860.16,106722
SO1200132,浙江,数码家电,12,1941.76,72454
SO0100133,浙江,服饰鞋包,1,865.92,32310
SO0200134,浙江,服饰鞋包,2,728.16,27170
SO0300135,浙江,服饰鞋包,3,934.8,34881
SO0400136,浙江,服饰鞋包,4,984.0,36716
SO0500137,浙江,服饰鞋包,5,,39654
SO0600138,浙江,服饰鞋包,6,"1,594.08",59481
SO0700139,浙江,服饰鞋包,7,964.32,35982
SO0800140,浙江,服饰鞋包,8,1003.68,37451

SO0900141,浙江,服饰鞋包,9,1102.08,41122
SO1000142,浙江,服饰鞋包,10,1180.8,44060
SO1100143,浙江,服饰鞋包,11,2145.12,80042
SO1200144,浙江,服饰鞋包,12,,54340
SO0100145,浙江,食品生鲜,1,649.44,24233
SO0200146,浙江,食品生鲜,2,546.12,20378
SO0300147,浙江,食品生鲜,3,701.1,26160
SO0400148,浙江,食品生鲜,4,738.0,27537
SO0500149,浙江,食品生鲜,5,797.04,29740
SO0600150,浙江,食品生鲜,6,1195.56,44610
SO0700151,浙江,食品生鲜,7,,26987
SO0800152,浙江,食品生鲜,8,752.76,28088
SO0900153,浙江,食品生鲜,9,826.56,30842
SO1000154,浙江,食品生鲜,10,885.6,33045
SO1100155,浙江,食品生鲜,11,1608.84,60031
SO1200156,浙江,食品生鲜,12,1092.24,40755
SO0100157,浙江,家居日用,1,541.2,20194
SO0200158,浙江,家居日用,2,,16981
SO0300159,浙江,家居日用,3,584.25,21800
SO0400160,浙江,家居日用,4,615.00,22948

SO0500161,浙江,家居日用,5,664.2,24784
SO0600162,浙江,家居日用,6,996.3,37175
SO0700163,浙江,家居日用,7,602.7,22489
SO0800164,浙江,家居日用,8,627.3,２３４０７
SO0900165,浙江,家居日用,9,,25701
SO1000166,浙江,家居日用,10,738.0,27537
SO1100167,浙江,家居日用,11,1340.7,50026
SO1200168,浙江,家居日用,12,910.2,33963
SO0100169,浙江,美妆个护,1,396.88,14809
SO0200170,浙江,美妆个护,2,333.74,12453
SO0300171,浙江,美妆个护,3,428.45,15987
SO0400172,浙江,美妆个护,4,,16828
SO0500173,浙江,美妆个护,5,487.08,18175
SO0600174,浙江,美妆个护,6,730.62,27262
SO0700175,浙江,美妆个护,7,441.98,16492
SO0800176,浙江,美妆个护,8,460.02,17165
SO0900177,浙江,美妆个护,9,505.12,１８８４８
SO1000178,浙江,美妆个护,10,541.2,20194
SO1100179,浙江,美妆个护,11,,36686
SO1200180,浙江,美妆个护,12,667.48,24906

SO0100181,山东,数码家电,1,929.28,34675
SO0200182,山东,数码家电,2,781.44,29158
SO0300183,山东,数码家电,3,1003.2,37433
SO0400184,山东,数码家电,4,1056.0,39403
SO0500185,山东,数码家电,5,1140.48,42555
SO0600186,山东,数码家电,6,,63833
SO0700187,山东,数码家电,7,1034.88,38615
SO0800188,山东,数码家电,8,1077.12,40191
SO0900189,山东,数码家电,9,1182.72,44131
SO1000190,山东,数码家电,10,1267.2,４７２８４
SO1100191,山东,数码家电,11,2302.08,85899
SO1200192,山东,数码家电,12,1562.88,58316
SO0100193,山东,服饰鞋包,1,,26006
SO0200194,山东,服饰鞋包,2,586.08,21869
SO0300195,山东,服饰鞋包,3,752.4,28075
SO0400196,山东,服饰鞋包,4,792.0,29552
SO0500197,山东,服饰鞋包,5,855.36,31916
SO0600198,山东,服饰鞋包,6,1283.04,47875
SO0700199,山东,服饰鞋包,7,776.16,28961
SO0800200,山东,服饰鞋包,8,,30143

SO0900201,山东,服饰鞋包,9,887.04,33099
SO1000202,山东,服饰鞋包,10,950.4,35463
SO1100203,山东,服饰鞋包,11,1726.56,６４４２４
SO1200204,山东,服饰鞋包,12,"1,172.16",43737
SO0100205,山东,食品生鲜,1,522.72,19504
SO0200206,山东,食品生鲜,2,439.56,16401
SO0300207,山东,食品生鲜,3,,21056
SO0400208,山东,食品生鲜,4,594.0,22164
SO0500209,山东,食品生鲜,5,641.52,23937
SO0600210,山东,食品生鲜,6,962.28,35906
SO0700211,山东,食品生鲜,7,582.12,21721
SO0800212,山东,食品生鲜,8,605.88,22607
SO0900213,山东,食品生鲜,9,665.28,24824
SO1000214,山东,食品生鲜,10,,26597
SO1100215,山东,食品生鲜,11,"1,294.92",48318
SO1200216,山东,食品生鲜,12,879.12,３２８０３
SO0100217,山东,家居日用,1,435.6,16254
SO0200218,山东,家居日用,2,366.3,13668
SO0300219,山东,家居日用,3,470.25,17547
SO0400220,山东,家居日用,4,495.0,18470

SO0500221,山东,家居日用,5,,19948
SO0600222,山东,家居日用,6,801.9,29922
SO0700223,山东,家居日用,7,485.1,18101
SO0800224,山东,家居日用,8,504.9,18840
SO0900225,山东,家居日用,9,554.4,20687
SO1000226,山东,家居日用,10,594.00,22164
SO1100227,山东,家居日用,11,1079.1,40265
SO1200228,山东,家居日用,12,,27336
SO0100229,山东,美妆个护,1,319.44,１１９１９
SO0200230,山东,美妆个护,2,268.62,10023
SO0300231,山东,美妆个护,3,344.85,12868
SO0400232,山东,美妆个护,4,363.0,13545
SO0500233,山东,美妆个护,5,392.04,14628
SO0600234,山东,美妆个护,6,588.06,21943
SO0700235,山东,美妆个护,7,,13274
SO0800236,山东,美妆个护,8,370.26,13816
SO0900237,山东,美妆个护,9,406.56,15170
SO1000238,山东,美妆个护,10,435.6,16254
SO1100239,山东,美妆个护,11,791.34,29528
SO1200240,山东,美妆个护,12,537.24,20046

SO0100241,河南,数码家电,1,732.16,27319
SO0200242,河南,数码家电,2,,22973
SO0300243,河南,数码家电,3,790.4,29493
SO0400244,河南,数码家电,4,832.0,31045
SO0500245,河南,数码家电,5,898.56,33528
SO0600246,河南,数码家电,6,1347.84,50293
SO0700247,河南,数码家电,7,815.36,30424
SO0800248,河南,数码家电,8,848.64,31666
SO0900249,河南,数码家电,9,,34770
SO1000250,河南,数码家电,10,998.4,37254
SO1100251,河南,数码家电,11,1813.76,67678
SO1200252,河南,数码家电,12,1231.36,45946
SO0100253,河南,服饰鞋包,1,549.12,20490
SO0200254,河南,服饰鞋包,2,461.76,17230
SO0300255,河南,服饰鞋包,3,592.8,２２１１９
SO0400256,河南,服饰鞋包,4,,23284
SO0500257,河南,服饰鞋包,5,673.92,25146
SO0600258,河南,服饰鞋包,6,1010.88,37719
SO0700259,河南,服饰鞋包,7,611.52,22818
SO0800260,河南,服饰鞋包,8,636.48,23749

SO0900261,河南,服饰鞋包,9,698.88,26078
SO1000262,河南,服饰鞋包,10,748.8,27940
SO1100263,河南,服饰鞋包,11,,50758
SO1200264,河南,服饰鞋包,12,923.52,34460
SO0100265,河南,食品生鲜,1,411.84,15367
SO0200266,河南,食品生鲜,2,346.32,12922
SO0300267,河南,食品生鲜,3,444.6,16590
SO0400268,河南,食品生鲜,4,468.0,１７４６３
SO0500269,河南,食品生鲜,5,505.44,18860
SO0600270,河南,食品生鲜,6,,28290
SO0700271,河南,食品生鲜,7,458.64,17113
SO0800272,河南,食品生鲜,8,477.36,17812
SO0900273,河南,食品生鲜,9,524.16,19558
SO1000274,河南,食品生鲜,10,561.6,20955
SO1100275,河南,食品生鲜,11,1020.24,38069
SO1200276,河南,食品生鲜,12,692.64,25845
SO0100277,河南,家居日用,1,,12806
SO0200278,河南,家居日用,2,288.6,10769
SO0300279,河南,家居日用,3,370.5,13825
SO0400280,河南,家居日用,4,390.0,14552

SO0500281,河南,家居日用,5,421.20,15716
SO0600282,河南,家居日用,6,631.8,23575
SO0700283,河南,家居日用,7,382.2,14261
SO0800284,河南,家居日用,8,,14843
SO0900285,河南,家居日用,9,436.8,16299
SO1000286,河南,家居日用,10,468.0,17463
SO1100287,河南,家居日用,11,850.2,31724
SO1200288,河南,家居日用,12,577.2,21537
SO0100289,河南,美妆个护,1,251.68,9391
SO0200290,河南,美妆个护,2,211.64,7897
SO0300291,河南,美妆个护,3,,10138
SO0400292,河南,美妆个护,4,286.00,10672
SO0500293,河南,美妆个护,5,308.88,11525
SO0600294,河南,美妆个护,6,463.32,１７２８８
SO0700295,河南,美妆个护,7,280.28,10458
SO0800296,河南,美妆个护,8,291.72,10885
SO0900297,河南,美妆个护,9,320.32,11952
SO1000298,河南,美妆个护,10,,12806
SO1100299,河南,美妆个护,11,623.48,23264
SO1200300,河南,美妆个护,12,423.28,15794

SO0100301,四川,数码家电,1,675.84,25218
SO0200302,四川,数码家电,2,568.32,21206
SO0300303,四川,数码家电,3,729.60,27224
SO0400304,四川,数码家电,4,768.0,28657
SO0500305,四川,数码家电,5,,30949
SO0600306,四川,数码家电,6,1244.16,46424
SO0700307,四川,数码家电,7,752.64,２８０８４
SO0800308,四川,数码家电,8,783.36,29230
SO0900309,四川,数码家电,9,860.16,32096
SO1000310,四川,数码家电,10,921.6,34388
SO1100311,四川,数码家电,11,1674.24,62472
SO1200312,四川,数码家电,12,,42412
SO0100313,四川,服饰鞋包,1,506.88,18913
SO0200314,四川,服饰鞋包,2,426.24,15904
SO0300315,四川,服饰鞋包,3,547.2,20418
SO0400316,四川,服饰鞋包,4,576.0,21493
SO0500317,四川,服饰鞋包,5,622.08,23212
SO0600318,四川,服饰鞋包,6,933.12,34818
SO0700319,四川,服饰鞋包,7,,21063
SO0800320,四川,服饰鞋包,8,587.52,２１９２２

SO0900321,四川,服饰鞋包,9,645.12,24072
SO1000322,四川,服饰鞋包,10,691.2,25791
SO1100323,四川,服饰鞋包,11,1255.68,46854
SO1200324,四川,服饰鞋包,12,852.48,31809
SO0100325,四川,食品生鲜,1,380.16,14185
SO0200326,四川,食品生鲜,2,,11928
SO0300327,四川,食品生鲜,3,410.4,15313
SO0400328,四川,食品生鲜,4,432.0,16119
SO0500329,四川,食品生鲜,5,466.56,17409
SO0600330,四川,食品生鲜,6,699.84,26113
SO0700331,四川,食品生鲜,7,423.36,15797
SO0800332,四川,食品生鲜,8,440.64,16442
SO0900333,四川,食品生鲜,9,,18054
SO1000334,四川,食品生鲜,10,518.4,19343
SO1100335,四川,食品生鲜,11,941.76,35140
SO1200336,四川,食品生鲜,12,639.36,23857
SO0100337,四川,家居日用,1,316.8,11821
SO0200338,四川,家居日用,2,266.4,9940
SO0300339,四川,家居日用,3,342.0,12761
SO0400340,四川,家居日用,4,,13433

SO0500341,四川,家居日用,5,388.8,14507
SO0600342,四川,家居日用,6,583.2,21761
SO0700343,四川,家居日用,7,352.8,13164
SO0800344,四川,家居日用,8,367.2,13701
SO0900345,四川,家居日用,9,403.2,15045
SO1000346,四川,家居日用,10,432.0,１６１１９
SO1100347,四川,家居日用,11,,29284
SO1200348,四川,家居日用,12,532.8,19881
SO0100349,四川,美妆个护,1,232.32,8669
SO0200350,四川,美妆个护,2,195.36,7290
SO0300351,四川,美妆个护,3,250.8,9358
SO0400352,四川,美妆个护,4,264.0,9851
SO0500353,四川,美妆个护,5,285.12,10639
SO0600354,四川,美妆个护,6,,15958
SO0700355,四川,美妆个护,7,258.72,9654
SO0800356,四川,美妆个护,8,269.28,10048
SO0900357,四川,美妆个护,9,295.68,11033
SO1000358,四川,美妆个护,10,316.80,11821
SO1100359,四川,美妆个护,11,575.52,２１４７５
SO1200360,四川,美妆个护,12,390.72,14579

SO0100361,福建,数码家电,1,,23116
SO0200362,福建,数码家电,2,520.96,19439
SO0300363,福建,数码家电,3,668.8,24955
SO0400364,福建,数码家电,4,704.0,26269
SO0500365,福建,数码家电,5,760.32,28370
SO0600366,福建,数码家电,6,1140.48,42555
SO0700367,福建,数码家电,7,689.92,25743
SO0800368,福建,数码家电,8,,26794
SO0900369,福建,数码家电,9,788.48,29421
SO1000370,福建,数码家电,10,844.8,31522
SO1100371,福建,数码家电,11,1534.72,57266
SO1200372,福建,数码家电,12,1041.92,３８８７８
SO0100373,福建,服饰鞋包,1,464.64,17337
SO0200374,福建,服饰鞋包,2,390.72,14579
SO0300375,福建,服饰鞋包,3,,18716
SO0400376,福建,服饰鞋包,4,528.0,19701
SO0500377,福建,服饰鞋包,5,570.24,21278
SO0600378,福建,服饰鞋包,6,855.36,31916
SO0700379,福建,服饰鞋包,7,517.44,19307
SO0800380,福建,服饰鞋包,8,538.56,20096

SO0900381,福建,服饰鞋包,9,591.36,22066
SO1000382,福建,服饰鞋包,10,,23642
SO1100383,福建,服饰鞋包,11,1151.04,42949
SO1200384,福建,服饰鞋包,12,781.44,29158
SO0100385,福建,食品生鲜,1,348.48,１３００３
SO0200386,福建,食品生鲜,2,293.04,10934
SO0300387,福建,食品生鲜,3,376.2,14037
SO0400388,福建,食品生鲜,4,396.0,14776
SO0500389,福建,食品生鲜,5,,15958
SO0600390,福建,食品生鲜,6,641.52,23937
SO0700391,福建,食品生鲜,7,388.08,14481
SO0800392,福建,食品生鲜,8,403.92,15072
SO0900393,福建,食品生鲜,9,443.52,16549
SO1000394,福建,食品生鲜,10,475.2,17731
SO1100395,福建,食品生鲜,11,863.28,32212
SO1200396,福建,食品生鲜,12,,21869
SO0100397,福建,家居日用,1,290.4,10836
SO0200398,福建,家居日用,2,244.2,９１１２
SO0300399,福建,家居日用,3,313.5,11698
SO0400400,福建,家居日用,4,330.0,12313

SO0500401,福建,家居日用,5,356.4,13299
SO0600402,福建,家居日用,6,534.60,19948
SO0700403,福建,家居日用,7,,12067
SO0800404,福建,家居日用,8,336.6,12560
SO0900405,福建,家居日用,9,369.6,13791
SO1000406,福建,家居日用,10,396.0,14776
SO1100407,福建,家居日用,11,719.4,26843
SO1200408,福建,家居日用,12,488.4,18224
SO0100409,福建,美妆个护,1,212.96,7946
SO0200410,福建,美妆个护,2,,6682
SO0300411,福建,美妆个护,3,229.9,８５７８
SO0400412,福建,美妆个护,4,242.0,9030
SO0500413,福建,美妆个护,5,261.36,9752
SO0600414,福建,美妆个护,6,392.04,14628
SO0700415,福建,美妆个护,7,237.16,8849
SO0800416,福建,美妆个护,8,246.84,9210
SO0900417,福建,美妆个护,9,,10113
SO1000418,福建,美妆个护,10,290.4,10836
SO1100419,福建,美妆个护,11,527.56,19685
SO1200420,福建,美妆个护,12,358.16,13364

SO0100421,湖北,数码家电,1,535.04,19964
SO0200422,湖北,数码家电,2,449.92,16788
SO0300423,湖北,数码家电,3,577.6,21552
SO0400424,湖北,数码家电,4,,22687
SO0500425,湖北,数码家电,5,656.64,24501
SO0600426,湖北,数码家电,6,984.96,36752
SO0700427,湖北,数码家电,7,595.84,22233
SO0800428,湖北,数码家电,8,620.16,23140
SO0900429,湖北,数码家电,9,680.96,25409
SO1000430,湖北,数码家电,10,729.6,27224
SO1100431,湖北,数码家电,11,,49457
SO1200432,湖北,数码家电,12,899.84,33576
SO0100433,湖北,服饰鞋包,1,401.28,14973
SO0200434,湖北,服饰鞋包,2,337.44,12591
SO0300435,湖北,服饰鞋包,3,433.20,16164
SO0400436,湖北,服饰鞋包,4,456.0,17015
SO0500437,湖北,服饰鞋包,5,492.48,１８３７６
SO0600438,湖北,服饰鞋包,6,,27564
SO0700439,湖北,服饰鞋包,7,446.88,16675
SO0800440,湖北,服饰鞋包,8,465.12,17355

SO0900441,湖北,服饰鞋包,9,510.72,19057
SO1000442,湖北,服饰鞋包,10,547.2,20418
SO1100443,湖北,服饰鞋包,11,994.08,37093
SO1200444,湖北,服饰鞋包,12,674.88,25182
SO0100445,湖北,食品生鲜,1,,11230
SO0200446,湖北,食品生鲜,2,253.08,9443
SO0300447,湖北,食品生鲜,3,324.9,12123
SO0400448,湖北,食品生鲜,4,342.0,12761
SO0500449,湖北,食品生鲜,5,369.36,13782
SO0600450,湖北,食品生鲜,6,554.04,２０６７３
SO0700451,湖北,食品生鲜,7,335.16,12506
SO0800452,湖北,食品生鲜,8,,13016
SO0900453,湖北,食品生鲜,9,383.04,14293
SO1000454,湖北,食品生鲜,10,410.4,15313
SO1100455,湖北,食品生鲜,11,745.56,27819
SO1200456,湖北,食品生鲜,12,506.16,18887
SO0100457,湖北,家居日用,1,250.80,9358
SO0200458,湖北,家居日用,2,210.9,7869
SO0300459,湖北,家居日用,3,,10103
SO0400460,湖北,家居日用,4,285.0,10634

SO0500461,湖北,家居日用,5,307.8,11485
SO0600462,湖北,家居日用,6,461.7,17228
SO0700463,湖北,家居日用,7,279.3,１０４２２
SO0800464,湖北,家居日用,8,290.7,10847
SO0900465,湖北,家居日用,9,319.2,11910
SO1000466,湖北,家居日用,10,,12761
SO1100467,湖北,家居日用,11,621.3,23183
SO1200468,湖北,家居日用,12,421.80,15739
SO0100469,湖北,美妆个护,1,183.92,6863
SO0200470,湖北,美妆个护,2,154.66,5771
SO0300471,湖北,美妆个护,3,198.55,7409
SO0400472,湖北,美妆个护,4,209.0,7799
SO0500473,湖北,美妆个护,5,,8422
SO0600474,湖北,美妆个护,6,338.58,12634
SO0700475,湖北,美妆个护,7,204.82,7643
SO0800476,湖北,美妆个护,8,213.18,７９５４
SO0900477,湖北,美妆个护,9,234.08,8734
SO1000478,湖北,美妆个护,10,250.8,9358
SO1100479,湖北,美妆个护,11,455.62,17001
SO1200480,湖北,美妆个护,12,,11542

合计,,,,"370,500.00",
